{
  "week_norm": 15.0,
  "week_ord": 15.0,
  "enh_ml_dpct_prev": 113.20321469575201,
  "edema_ml_dpct_prev": -30.087934004170076,
  "whole_ml_dpct_prev": 2.8462690066918035,
  "enh_ml_dpct_base": 113.20321469575201,
  "psp_score": 1.9209072603390314,
  "week_norm_bin": 2.0
}